step,loss,reward_greedy,reward_sample,advantage,entropy,grad_norm,dev_recall@1,dev_recall@3,dev_recall@5,dev_avg_chunk_size
1,1.8143526315689087,0.808767361111111,0.81875,0.009982638888888892,1.988487683236599,1.8728970289230347,0.6724137931034483,0.8694581280788177,0.9187192118226601,14.812523623535341
2,4.454694747924805,0.6130208333333333,0.7302083333333333,0.11718749999999999,2.1940983906388283,3.1771011352539062,,,,
3,-2.2625892162323,0.7309027777777778,0.6642113095238096,-0.06669146825396827,2.1946003288030624,2.0074567794799805,,,,
4,-0.9015059471130371,0.8096354166666666,0.7701388888888888,-0.039496527777777776,2.193794883787632,2.681408643722534,,,,
5,2.041208028793335,0.7994791666666666,0.7744791666666666,-0.025,2.1260106191039085,0.32300662994384766,,,,
6,-0.6277866363525391,0.8174479166666666,0.8072916666666666,-0.010156249999999999,2.125551499426365,5.903696537017822,,,,
7,0.26324957609176636,0.7419270833333333,0.7479166666666667,0.005989583333333328,2.1259422823786736,4.670823097229004,,,,
8,2.004607677459717,0.8138888888888889,0.84375,0.029861111111111116,1.9889186844229698,1.2044535875320435,,,,
9,-1.9179476499557495,0.7496279761904763,0.6838541666666667,-0.06577380952380951,2.1258242651820183,6.054685592651367,,,,
10,-1.5151344537734985,0.721875,0.7857638888888889,0.06388888888888888,2.1942075565457344,3.2212328910827637,,,,
11,0.589731752872467,0.812717013888889,0.7945684523809524,-0.01814856150793651,2.1944586485624313,4.673376560211182,,,,
12,0.7944695949554443,0.6388020833333334,0.6703497023809524,0.03154761904761905,2.194444961845875,0.6369541883468628,,,,
13,1.7702093124389648,0.6970486111111112,0.7464843750000001,0.04943576388888889,2.194470167160034,1.043761134147644,,,,
14,0.4457096457481384,0.8014322916666667,0.8215215773809523,0.020089285714285712,2.194225937128067,1.0808812379837036,,,,
15,-2.9233946800231934,0.7114583333333333,0.7302455357142857,0.018787202380952377,2.1255468353629112,3.602792263031006,,,,
16,-2.0256707668304443,0.7227802579365079,0.7630208333333333,0.0402405753968254,2.1941317096352577,4.495136260986328,,,,
17,-3.165105104446411,0.7269097222222223,0.7671875,0.04027777777777778,2.1259551718831062,26.892635345458984,,,,
18,2.9650979042053223,0.7824590773809523,0.8036458333333334,0.02118675595238095,2.1940812095999718,1.7454606294631958,,,,
19,4.210325241088867,0.6444010416666666,0.6877604166666667,0.043359375000000006,2.194250203669071,8.024194717407227,,,,
20,-4.806045055389404,0.7916666666666666,0.6636904761904762,-0.1279761904761905,2.194368377327919,1.1868958473205566,,,,
21,-1.0697320699691772,0.7163194444444445,0.7327752976190476,0.01645585317460317,2.125637248158455,2.4600749015808105,,,,
22,-3.5182127952575684,0.6770833333333333,0.6239955357142857,-0.053087797619047625,2.12564005702734,1.6385248899459839,,,,
23,4.259581089019775,0.7722098214285715,0.7898809523809524,0.017671130952380956,2.0569642037153244,0.9450737237930298,,,,
24,-4.777402400970459,0.7838541666666666,0.7049851190476191,-0.07886904761904762,2.1943412125110626,2.379171848297119,,,,
25,5.218927383422852,0.6588541666666667,0.7362847222222222,0.07743055555555556,2.125344894826412,1.482491374015808,,,,
26,5.918487071990967,0.6979166666666666,0.7565104166666667,0.05859375,2.12509223818779,1.8706907033920288,,,,
27,-1.4943655729293823,0.7727430555555556,0.7390625,-0.033680555555555554,2.1944576278328896,0.9743544459342957,,,,
28,1.5401360988616943,0.7875000000000001,0.8145833333333333,0.027083333333333334,2.194101966917515,23.992570877075195,,,,
29,3.265594482421875,0.7458333333333333,0.7772569444444444,0.03142361111111111,2.125468425452709,8.011438369750977,,,,
30,7.163183689117432,0.5013888888888889,0.5996527777777778,0.0982638888888889,2.1258354261517525,5.659354209899902,,,,
31,2.2409417629241943,0.732421875,0.747829861111111,0.015407986111111115,2.1253780126571655,0.267582505941391,,,,
32,2.182016611099243,0.7315104166666666,0.7099330357142857,-0.021577380952380952,2.0569547191262245,0.8226723074913025,,,,
33,1.323303461074829,0.8273809523809523,0.8135416666666666,-0.01383928571428571,2.125628501176834,17.052635192871094,,,,
34,2.628246784210205,0.7419642857142857,0.7363467261904763,-0.005617559523809521,2.1933896839618683,1.1086161136627197,,,,
35,-0.7476295828819275,0.8203125,0.8135416666666666,-0.0067708333333333336,2.1937907859683037,1.1125550270080566,,,,
36,2.504361152648926,0.7006076388888889,0.709375,0.008767361111111113,2.125791385769844,23.178546905517578,,,,
37,-2.8072328567504883,0.74609375,0.72109375,-0.02500000000000001,2.125774547457695,0.8037208914756775,,,,
38,-1.9868563413619995,0.8135416666666666,0.78125,-0.03229166666666666,2.0563906729221344,1.3031998872756958,,,,
39,-1.3306024074554443,0.7177083333333334,0.7348958333333333,0.01718750000000001,2.125353068113327,4.7026777267456055,,,,
40,-0.8219143748283386,0.71328125,0.7197916666666666,0.006510416666666671,2.194213330745697,5.312869071960449,,,,
41,-3.4862935543060303,0.8333333333333334,0.8109375,-0.02239583333333333,1.98827762901783,1.1868624687194824,,,,
42,8.400336265563965,0.7468750000000001,0.7552083333333333,0.008333333333333345,2.125595286488533,26.136722564697266,,,,
43,2.2805655002593994,0.784375,0.8329613095238095,0.048586309523809525,2.1943468749523163,0.8904701471328735,,,,
44,-2.023432493209839,0.7404513888888888,0.6953125,-0.04513888888888889,2.193959169089794,1.4437201023101807,,,,
45,-3.517738103866577,0.7625868055555556,0.7293402777777778,-0.033246527777777785,2.194406196475029,1.3153444528579712,,,,
46,-1.7005208730697632,0.79453125,0.7622767857142857,-0.03225446428571428,2.1940672025084496,33.243736267089844,,,,
47,3.8230507373809814,0.7147135416666666,0.8071986607142857,0.09248511904761905,2.0571481734514236,0.6923669576644897,,,,
48,-10.272700309753418,0.7350260416666666,0.7092013888888888,-0.025824652777777787,2.057192638516426,6.475314617156982,,,,
49,3.1428606510162354,0.5448784722222222,0.6130208333333333,0.0681423611111111,2.1255613788962364,0.4246261715888977,,,,
50,-1.7201263904571533,0.7932291666666667,0.7375,-0.05572916666666668,2.194708362221718,1.9609885215759277,,,,
51,0.7668635845184326,0.7219618055555556,0.6987847222222222,-0.023177083333333334,2.1260216012597084,9.220813751220703,0.6625615763546798,0.8669950738916257,0.896551724137931,14.81625708884688
52,-3.9617087841033936,0.8265625,0.7651909722222223,-0.061371527777777775,2.1945924311876297,1.0526177883148193,,,,
53,-0.46460258960723877,0.7693080357142856,0.7645833333333333,-0.00472470238095238,2.1943660974502563,3.1428611278533936,,,,
54,6.503169059753418,0.7760416666666666,0.8166666666666667,0.04062500000000001,2.1258582398295403,3.196568727493286,,,,
55,3.1813201904296875,0.7130208333333333,0.7901041666666666,0.07708333333333334,2.0566348135471344,1.0759291648864746,,,,
56,-0.2459966242313385,0.6138392857142857,0.6451388888888889,0.031299603174603174,2.0573330894112587,1.917702555656433,,,,
57,-1.6452984809875488,0.7597222222222222,0.760280257936508,0.0005580357142857158,2.1940260976552963,0.674719512462616,,,,
58,-1.0365116596221924,0.750297619047619,0.7450892857142857,-0.005208333333333332,1.9885687306523323,31.310888290405273,,,,
59,3.6061391830444336,0.8220238095238095,0.8467261904761905,0.02470238095238095,2.1252982765436172,3.030431032180786,,,,
60,0.06562954932451248,0.7924479166666667,0.7746651785714286,-0.017782738095238088,2.194298602640629,4.332481861114502,,,,
61,-2.7274866104125977,0.7371031746031746,0.6865823412698413,-0.050520833333333334,2.194144681096077,2.5935299396514893,,,,
62,-0.4761127829551697,0.7971726190476189,0.8083333333333333,0.011160714285714284,2.1939196288585663,1.211400032043457,,,,
63,9.3457612991333,0.8005208333333333,0.8328125,0.03229166666666667,1.9885709285736084,9.424925804138184,,,,
64,-2.366236448287964,0.8118489583333333,0.8033854166666667,-0.008463541666666666,2.0569588392972946,1.2539935111999512,,,,
65,-1.6419055461883545,0.6653645833333334,0.6310763888888888,-0.03428819444444445,2.125604934990406,0.37082892656326294,,,,
66,1.3430650234222412,0.7174479166666667,0.7205729166666667,0.0031250000000000028,2.125646263360977,14.91032886505127,,,,
67,-3.7425782680511475,0.7425781250000001,0.6885416666666666,-0.054036458333333336,2.125268265604973,1.6825121641159058,,,,
68,1.3048418760299683,0.6950520833333333,0.7436197916666667,0.048567708333333334,2.1940243989229202,2.557028293609619,,,,
69,0.857285737991333,0.7523437500000001,0.79140625,0.03906250000000001,2.1942803859710693,1.4096870422363281,,,,
70,1.592178463935852,0.6729972718253967,0.6884052579365079,0.015407986111111112,2.0570298358798027,4.417018890380859,,,,
71,-1.880812168121338,0.8580729166666666,0.8744791666666667,0.01640625,2.1255445927381516,7.371091842651367,,,,
72,-0.4558763802051544,0.6611483134920635,0.6464409722222222,-0.01470734126984127,2.125664457678795,0.17734897136688232,,,,
73,-1.5186110734939575,0.752157738095238,0.7484375,-0.003720238095238103,2.1253507286310196,15.400053977966309,,,,
74,0.8523073196411133,0.7336805555555556,0.7206597222222222,-0.013020833333333337,2.0570371448993683,0.6434310674667358,,,,
75,1.0725531578063965,0.6847222222222222,0.7230902777777778,0.03836805555555556,2.125345565378666,0.5386762619018555,,,,
76,-1.3454207181930542,0.75625,0.7584201388888889,0.002170138888888888,2.1254501715302467,1.1935005187988281,,,,
77,2.331413507461548,0.6714285714285715,0.71875,0.04732142857142857,2.1940459311008453,11.506049156188965,,,,
78,-0.5004394054412842,0.7385788690476192,0.7259300595238095,-0.01264880952380952,2.0571205839514732,0.26362839341163635,,,,
79,-1.3409037590026855,0.7604166666666667,0.751078869047619,-0.009337797619047626,2.1940800696611404,80.89934539794922,,,,
80,-5.686288356781006,0.8138020833333334,0.7614583333333333,-0.05234375,2.1939068511128426,0.7466571927070618,,,,
81,0.2923438549041748,0.644047619047619,0.6362723214285715,-0.007775297619047619,2.125609390437603,24.110668182373047,,,,
82,1.1228548288345337,0.8203125,0.8333333333333333,0.013020833333333336,2.1255372911691666,0.31153711676597595,,,,
83,0.6584243774414062,0.6848958333333333,0.661328125,-0.023567708333333326,2.1942835301160812,0.7303451895713806,,,,
84,-1.5967789888381958,0.7206101190476191,0.7104166666666666,-0.010193452380952383,2.1252490803599358,3.3497161865234375,,,,
85,2.8203036785125732,0.7104538690476191,0.7506448412698412,0.04019097222222222,2.125559039413929,1.3124103546142578,,,,
86,0.6520293951034546,0.7127976190476191,0.7002604166666666,-0.012537202380952378,2.1941002160310745,4.128113269805908,,,,
87,4.96391487121582,0.7005208333333333,0.7769097222222222,0.0763888888888889,1.9880363792181015,1.0859211683273315,,,,
88,0.863612711429596,0.6402529761904762,0.7024305555555556,0.06217757936507939,2.1246004924178123,3.0018906593322754,,,,
89,5.9067254066467285,0.6516493055555556,0.7157490079365079,0.06409970238095239,2.1945047602057457,4.158370494842529,,,,
90,2.697470188140869,0.6914930555555556,0.7890625,0.09756944444444444,2.1943015679717064,6.579538822174072,,,,
91,-1.7474031448364258,0.7627604166666666,0.7143229166666667,-0.04843750000000001,2.0567377284169197,1.0214637517929077,,,,
92,-0.11320313066244125,0.8625372023809523,0.8333333333333333,-0.029203869047619048,2.1255956888198853,0.37673452496528625,,,,
93,-1.1014093160629272,0.7261284722222222,0.6724330357142857,-0.05369543650793651,2.194234147667885,6.6450910568237305,,,,
94,0.7820042371749878,0.5760416666666667,0.5732142857142857,-0.0028273809523809493,2.12520781904459,2.3406405448913574,,,,
95,1.6968412399291992,0.7232638888888888,0.7320684523809524,0.00880456349206349,2.1944336518645287,1.3630411624908447,,,,
96,1.3733248710632324,0.7755580357142857,0.8169642857142858,0.041406250000000006,2.1248146668076515,0.32442474365234375,,,,
97,0.9833608269691467,0.70703125,0.7324404761904761,0.02540922619047619,2.1945108622312546,1.019376277923584,,,,
98,-3.59771728515625,0.8239583333333333,0.7864583333333333,-0.037500000000000006,2.0569841265678406,1.4857816696166992,,,,
99,0.16464751958847046,0.8412946428571428,0.8442708333333333,0.0029761904761904795,2.1939569637179375,0.08951602876186371,,,,
100,-0.6998517513275146,0.7600694444444445,0.7440476190476191,-0.0160218253968254,1.9888512939214706,106.75189208984375,,,,
