metric,comparison,mean,ci95_low,ci95_high,n_questions
recall@1,oracle - fixed,0.1973,0.1603,0.2343,446
recall@1,oracle - supervised,0.1951,0.1583,0.2319,446
recall@1,supervised - fixed,0.0022,-0.031,0.0355,446
recall@1,random_mean - supervised,-0.0078,-0.0333,0.0176,446
recall@5,oracle - fixed,0.0605,0.0384,0.0827,446
recall@5,oracle - supervised,0.0583,0.0365,0.0801,446
recall@5,supervised - fixed,0.0022,-0.0214,0.0259,446
recall@5,random_mean - supervised,-0.0043,-0.0206,0.0119,446
mrr@10,oracle - fixed,0.1422,0.1176,0.1668,446
mrr@10,oracle - supervised,0.1413,0.1166,0.1659,446
mrr@10,supervised - fixed,0.0009,-0.0202,0.0221,446
mrr@10,random_mean - supervised,-0.0042,-0.0211,0.0126,446
