arm,archive,metric,archived,now,diff,pass
fixed15_bge,stage8/final,recall@1,0.6279,0.6279,0.0,True
fixed15_bge,stage8/final,recall@3,0.8159,0.8159,-0.0,True
fixed15_bge,stage8/final,recall@5,0.8808,0.8808,0.0,True
fixed15_bge,stage8/final,n_chunks,19507,19507,0,True
fixed15_bge,stage8/final,n_questions,1032,1032,0,True
fixed6_bge,stage8/final,recall@1,0.5087,0.5087,0.0,True
fixed6_bge,stage8/final,recall@3,0.7316,0.7316,-0.0,True
fixed6_bge,stage8/final,recall@5,0.8101,0.8101,-0.0,True
fixed6_bge,stage8/final,n_chunks,48029,48029,0,True
fixed6_bge,stage8/final,n_questions,1032,1032,0,True
bilstm15_bge,stage8/final,recall@1,0.6298,0.6298,0.0,True
bilstm15_bge,stage8/final,recall@3,0.8081,0.8081,0.0,True
bilstm15_bge,stage8/final,recall@5,0.8653,0.8653,0.0,True
bilstm15_bge,stage8/final,n_chunks,19306,19306,0,True
bilstm15_bge,stage8/final,n_questions,1032,1032,0,True
fixed15_ft,stage15/final,recall@1,0.7344961240310077,0.7345,0.0,True
fixed15_ft,stage15/final,recall@3,0.875,0.875,0.0,True
fixed15_ft,stage15/final,recall@5,0.9186046511627907,0.9186,0.0,True
fixed15_ft,stage15/final,n_chunks,19507,19507,0,True
fixed15_ft,stage15/final,n_questions,1032,1032,0,True
fixed15_large,stage15/final,recall@1,0.7558139534883721,0.7558,0.0,True
fixed15_large,stage15/final,recall@3,0.8914728682170543,0.8915,0.0,True
fixed15_large,stage15/final,recall@5,0.9292635658914729,0.9293,0.0,True
fixed15_large,stage15/final,n_chunks,19507,19507,0,True
fixed15_large,stage15/final,n_questions,1032,1032,0,True
