arm,step,total_steps,loss,greedy_rr,lr,minutes,reward_sample,live_fraction,mean_abs_advantage
rl,25,1980,-0.03327,0.91792,2.5252525252525258e-06,0.37,0.91332,0.16,0.02988
rl,50,1980,-0.01535,0.9775,5.0505050505050515e-06,0.73,0.97035,0.09,0.01819
rl,75,1980,-0.01456,0.95,7.5757575757575764e-06,1.09,0.94658,0.13,0.02203
rl,100,1980,-0.00515,0.92917,1.0101010101010103e-05,1.43,0.9296,0.06,0.0046
rl,125,1980,-0.01794,0.96117,1.2626262626262626e-05,1.79,0.95646,0.09,0.01194
rl,150,1980,-0.01256,0.94417,1.5151515151515153e-05,2.14,0.93704,0.11,0.01459
rl,175,1980,-0.04166,0.92135,1.767676767676768e-05,2.5,0.92403,0.16,0.02475
rl,200,1980,-0.01119,0.9675,1.9977553310886646e-05,2.85,0.95881,0.08,0.01659
rl,225,1980,-0.00638,0.98833,1.96969696969697e-05,3.2,0.98479,0.07,0.0106
rl,250,1980,-0.03355,0.94952,1.941638608305275e-05,3.56,0.94258,0.15,0.02145
rl,275,1980,-0.04175,0.94667,1.9135802469135804e-05,3.92,0.93401,0.19,0.03107
rl,300,1980,-0.01089,0.92708,1.8855218855218858e-05,4.27,0.92211,0.15,0.02272
rl,325,1980,-0.01721,0.96036,1.857463524130191e-05,4.63,0.94911,0.11,0.01863
rl,350,1980,-0.01501,0.94367,1.8294051627384962e-05,4.98,0.94032,0.12,0.01516
rl,375,1980,-0.01228,0.94667,1.8013468013468016e-05,5.34,0.95142,0.05,0.00889
rl,400,1980,-0.01486,0.9195,1.7732884399551066e-05,5.69,0.92039,0.2,0.03241
rl,425,1980,-0.03051,0.95658,1.745230078563412e-05,6.05,0.94778,0.16,0.03079
rl,450,1980,-0.05084,0.92676,1.7171717171717173e-05,6.41,0.90303,0.22,0.03761
rl,475,1980,-0.02087,0.95667,1.6891133557800227e-05,6.77,0.95077,0.15,0.02882
rl,500,1980,-0.00818,0.92143,1.6610549943883278e-05,7.12,0.92659,0.19,0.02848
rl,525,1980,-0.03862,0.94817,1.632996632996633e-05,7.47,0.9386,0.21,0.03361
rl,550,1980,-0.02115,0.95625,1.6049382716049385e-05,7.83,0.95249,0.13,0.02429
rl,575,1980,-0.01368,0.965,1.576879910213244e-05,8.18,0.96396,0.11,0.02655
rl,600,1980,-0.01223,0.94801,1.548821548821549e-05,8.54,0.94664,0.14,0.02161
rl,625,1980,-0.01026,0.952,1.5207631874298543e-05,8.89,0.95415,0.14,0.02216
rl,650,1980,-0.00929,0.96542,1.4927048260381597e-05,9.25,0.95922,0.09,0.01576
rl,675,1980,-0.01411,0.96667,1.4646464646464649e-05,9.6,0.96289,0.06,0.01202
rl,700,1980,-0.0178,0.96083,1.4365881032547699e-05,9.96,0.9631,0.08,0.01561
rl,725,1980,-0.00973,0.95783,1.4085297418630753e-05,10.32,0.95731,0.08,0.0129
rl,750,1980,-0.03919,0.9415,1.3804713804713805e-05,10.67,0.9353,0.15,0.03082
rl,775,1980,-0.00595,0.97667,1.3524130190796858e-05,11.03,0.97391,0.08,0.00829
rl,800,1980,-0.02818,0.94369,1.324354657687991e-05,11.38,0.94417,0.13,0.02046
rl,825,1980,-0.0166,0.93635,1.2962962962962964e-05,11.74,0.93444,0.13,0.02125
rl,850,1980,-0.0125,0.95,1.2682379349046016e-05,12.09,0.95338,0.08,0.01062
rl,875,1980,-0.00568,0.97833,1.240179573512907e-05,12.45,0.97604,0.06,0.00982
rl,900,1980,-0.0162,0.98,1.2121212121212122e-05,12.8,0.97271,0.08,0.01262
rl,925,1980,-0.01286,0.96292,1.1840628507295176e-05,13.16,0.95583,0.1,0.01792
rl,950,1980,-0.00764,0.97,1.1560044893378228e-05,13.51,0.96531,0.09,0.01804
rl,975,1980,-0.01592,0.96667,1.1279461279461281e-05,13.87,0.95604,0.11,0.01887
rl,1000,1980,-0.00215,0.96,1.0998877665544333e-05,14.21,0.96396,0.07,0.00917
rl,1025,1980,-0.01738,0.9725,1.0718294051627386e-05,14.56,0.97011,0.1,0.01509
rl,1050,1980,-0.02554,0.9556,1.0437710437710438e-05,14.92,0.95122,0.11,0.01714
rl,1075,1980,-0.00784,0.995,1.0157126823793491e-05,15.27,0.99208,0.01,0.00333
rl,1100,1980,-0.01761,0.96476,9.876543209876543e-06,15.63,0.96926,0.06,0.01014
rl,1125,1980,-0.01252,0.99,9.595959595959597e-06,15.99,0.98385,0.06,0.01292
rl,1150,1980,-0.01698,0.96583,9.315375982042649e-06,16.34,0.95634,0.12,0.01849
rl,1175,1980,-0.03,0.98,9.034792368125703e-06,16.7,0.96774,0.09,0.01719
rl,1200,1980,-0.00705,0.94036,8.754208754208755e-06,17.05,0.94109,0.09,0.00936
rl,1225,1980,-0.01512,0.975,8.473625140291809e-06,17.4,0.9656,0.1,0.01478
rl,1250,1980,-0.04584,0.96667,8.19304152637486e-06,17.76,0.95195,0.16,0.0237
rl,1275,1980,-0.02377,0.97033,7.912457912457913e-06,18.12,0.96799,0.09,0.01153
rl,1300,1980,-0.00906,0.97643,7.631874298540965e-06,18.47,0.9718,0.08,0.01441
rl,1325,1980,-0.01355,0.9606,7.351290684624018e-06,18.83,0.95392,0.1,0.01409
rl,1350,1980,-0.02087,0.975,7.070707070707071e-06,19.18,0.96542,0.12,0.02202
rl,1375,1980,-0.01056,0.975,6.790123456790124e-06,19.53,0.97396,0.06,0.01024
rl,1400,1980,-0.01341,0.99333,6.509539842873177e-06,19.89,0.98771,0.06,0.01089
rl,1425,1980,-0.00214,0.99,6.22895622895623e-06,20.24,0.98938,0.04,0.00732
rl,1450,1980,-0.01646,0.94367,5.948372615039282e-06,20.6,0.93836,0.06,0.00923
rl,1475,1980,-0.01888,0.96143,5.667789001122335e-06,20.95,0.95982,0.12,0.01684
rl,1500,1980,-0.02471,0.97643,5.387205387205388e-06,21.29,0.97679,0.06,0.01436
rl,1525,1980,-0.03898,0.98125,5.106621773288441e-06,21.65,0.96999,0.1,0.01708
rl,1550,1980,-0.00167,0.96167,4.8260381593714935e-06,22.0,0.96503,0.1,0.0145
rl,1575,1980,-0.01053,0.97676,4.5454545454545455e-06,22.36,0.97055,0.09,0.01163
rl,1600,1980,-0.01587,0.97875,4.264870931537598e-06,22.71,0.96658,0.08,0.01198
rl,1625,1980,-0.01316,0.96,3.984287317620651e-06,23.07,0.95792,0.1,0.01446
rl,1650,1980,-0.00743,0.98667,3.7037037037037037e-06,23.42,0.98487,0.04,0.00411
rl,1675,1980,-0.00807,0.98167,3.4231200897867566e-06,23.77,0.97971,0.06,0.0102
rl,1700,1980,-0.01693,0.96325,3.1425364758698095e-06,24.13,0.95893,0.09,0.0122
rl,1725,1980,-0.02457,0.98167,2.861952861952862e-06,24.48,0.97655,0.07,0.0134
rl,1750,1980,-0.00707,0.99,2.581369248035915e-06,24.84,0.98685,0.02,0.00269
rl,1775,1980,-0.00253,0.995,2.3007856341189677e-06,25.19,0.9975,0.02,0.00393
rl,1800,1980,-0.01381,0.9875,2.02020202020202e-06,25.54,0.9847,0.04,0.00577
rl,1825,1980,-0.006,0.97,1.7396184062850733e-06,25.9,0.97092,0.04,0.00564
rl,1850,1980,-0.01933,0.95825,1.4590347923681257e-06,26.25,0.95538,0.1,0.01707
rl,1875,1980,-0.01375,0.975,1.1784511784511786e-06,26.61,0.97542,0.08,0.01333
rl,1900,1980,-0.01931,0.97833,8.978675645342312e-07,26.97,0.97375,0.07,0.00964
rl,1925,1980,-0.03043,0.9625,6.17283950617284e-07,27.32,0.95801,0.1,0.0142
rl,1950,1980,-0.02896,0.98333,3.3670033670033673e-07,27.68,0.96512,0.1,0.01938
rl,1975,1980,-0.01563,0.95476,5.611672278338945e-08,28.03,0.95333,0.09,0.01567
rl,1980,1980,0.0,1.0,0.0,28.09,1.0,0.0,0.0
