arm,step,total_steps,loss,greedy_rr,lr,minutes
ce,25,495,0.97494,0.8406,1.0204081632653063e-05,0.37
ce,50,495,0.54231,0.91617,1.9955156950672647e-05,0.75
ce,75,495,0.88215,0.872,1.883408071748879e-05,1.13
ce,100,495,0.94773,0.83885,1.7713004484304934e-05,1.51
ce,125,495,0.7144,0.85617,1.6591928251121077e-05,1.89
ce,150,495,0.76129,0.85376,1.547085201793722e-05,2.27
ce,175,495,0.87763,0.8311,1.4349775784753363e-05,2.65
ce,200,495,0.69282,0.84975,1.3228699551569508e-05,3.03
ce,225,495,0.54187,0.91917,1.210762331838565e-05,3.4
ce,250,495,1.03331,0.85025,1.0986547085201795e-05,3.78
ce,275,495,1.01452,0.81202,9.865470852017938e-06,4.16
ce,300,495,0.84952,0.84202,8.744394618834081e-06,4.54
ce,325,495,0.71126,0.88093,7.6233183856502244e-06,4.91
ce,350,495,0.69721,0.87083,6.5022421524663685e-06,5.29
ce,375,495,0.61563,0.88411,5.381165919282512e-06,5.67
ce,400,495,1.05865,0.79694,4.260089686098655e-06,6.05
ce,425,495,0.63631,0.87726,3.1390134529147986e-06,6.43
ce,450,495,0.83154,0.84735,2.0179372197309418e-06,6.81
ce,475,495,0.95194,0.7891,8.968609865470852e-07,7.18
ce,495,495,0.83426,0.84324,0.0,7.47
